gbifID	datasetKey	occurrenceID	kingdom	phylum	class	order	family	genus	species	infraspecificEpithet	taxonRank	scientificName	verbatimScientificName	verbatimScientificNameAuthorship	countryCode	locality	stateProvince	occurrenceStatus	individualCount	publishingOrgKey	decimalLatitude	decimalLongitude	coordinateUncertaintyInMeters	coordinatePrecision	elevation	elevationAccuracy	depth	depthAccuracy	eventDate	day	month	year	taxonKey	speciesKey	basisOfRecord	institutionCode	collectionCode	catalogNumber	recordNumber	identifiedBy	dateIdentified	license	rightsHolder	recordedBy	typeStatus	establishmentMeans	lastInterpreted	mediaType	issue
2237185609	0daed095-478a-4af6-abf5-18acb790fbb2	http://arctos.database.museum/guid/MVZ:Mamm:239252?seid=4267146	Animalia	Chordata	Mammalia	Chiroptera	Rhinolophidae	Rhinolophus	Rhinolophus ferrumequinum		SPECIES	Rhinolophus ferrumequinum (Schreber, 1774)	Rhinolophus ferrumequinum		US	Los Angeles	California	PRESENT		8edbbde0-055e-11d8-b850-b8a03c50a862	34.03	-118.3	13583.0						2006-03-22	22	3	2006	2432655	2432655	PRESERVED_SPECIMEN	MVZ	Mamm	MVZ:Mamm:239252		Sharon Messenger	2017-06-06T00:00:00	CC0_1_0		Collector(s): Sharon Messenger; Preparator(s): Mauricio R. Vazquez			2024-07-05T13:54:01.334Z		GEODETIC_DATUM_ASSUMED_WGS84;CONTINENT_DERIVED_FROM_COORDINATES;INSTITUTION_MATCH_FUZZY;COLLECTION_MATCH_FUZZY
2237185602	0daed095-478a-4af6-abf5-18acb790fbb2	http://arctos.database.museum/guid/MVZ:Mamm:239251?seid=4267145	Animalia	Chordata	Mammalia	Chiroptera	Rhinolophidae	Rhinolophus	Rhinolophus ferrumequinum		SPECIES	Rhinolophus ferrumequinum (Schreber, 1774)	Rhinolophus ferrumequinum		US	Los Angeles	California	PRESENT		8edbbde0-055e-11d8-b850-b8a03c50a862	34.03	-118.3	13583.0						2006-03-21	21	3	2006	2432655	2432655	PRESERVED_SPECIMEN	MVZ	Mamm	MVZ:Mamm:239251		Sharon Messenger	2017-06-06T00:00:00	CC0_1_0		Collector(s): Sharon Messenger; Preparator(s): Mauricio R. Vazquez			2024-07-05T13:54:01.647Z		GEODETIC_DATUM_ASSUMED_WGS84;CONTINENT_DERIVED_FROM_COORDINATES;INSTITUTION_MATCH_FUZZY;COLLECTION_MATCH_FUZZY
2237185587	0daed095-478a-4af6-abf5-18acb790fbb2	http://arctos.database.museum/guid/MVZ:Mamm:239249?seid=4267144	Animalia	Chordata	Mammalia	Chiroptera	Rhinolophidae	Rhinolophus	Rhinolophus ferrumequinum		SPECIES	Rhinolophus ferrumequinum (Schreber, 1774)	Rhinolophus ferrumequinum		US	Los Angeles	California	PRESENT		8edbbde0-055e-11d8-b850-b8a03c50a862	34.03	-118.3	13583.0						2006-03-10	10	3	2006	2432655	2432655	PRESERVED_SPECIMEN	MVZ	Mamm	MVZ:Mamm:239249		Sharon Messenger	2017-06-06T00:00:00	CC0_1_0		Collector(s): Sharon Messenger; Preparator(s): Mauricio R. Vazquez			2024-07-05T13:54:01.333Z		GEODETIC_DATUM_ASSUMED_WGS84;CONTINENT_DERIVED_FROM_COORDINATES;INSTITUTION_MATCH_FUZZY;COLLECTION_MATCH_FUZZY
2237185541	0daed095-478a-4af6-abf5-18acb790fbb2	http://arctos.database.museum/guid/MVZ:Mamm:239253?seid=4267148	Animalia	Chordata	Mammalia	Chiroptera	Rhinolophidae	Rhinolophus	Rhinolophus ferrumequinum		SPECIES	Rhinolophus ferrumequinum (Schreber, 1774)	Rhinolophus ferrumequinum		US	Los Angeles	California	PRESENT		8edbbde0-055e-11d8-b850-b8a03c50a862	34.03	-118.3	13583.0						2006-03-24	24	3	2006	2432655	2432655	PRESERVED_SPECIMEN	MVZ	Mamm	MVZ:Mamm:239253		Sharon Messenger	2017-06-06T00:00:00	CC0_1_0		Collector(s): Sharon Messenger; Preparator(s): Mauricio R. Vazquez			2024-07-05T13:54:01.227Z		GEODETIC_DATUM_ASSUMED_WGS84;CONTINENT_DERIVED_FROM_COORDINATES;INSTITUTION_MATCH_FUZZY;COLLECTION_MATCH_FUZZY
2237185528	0daed095-478a-4af6-abf5-18acb790fbb2	http://arctos.database.museum/guid/MVZ:Mamm:239245?seid=4266982	Animalia	Chordata	Mammalia	Chiroptera	Rhinolophidae	Rhinolophus	Rhinolophus ferrumequinum		SPECIES	Rhinolophus ferrumequinum (Schreber, 1774)	Rhinolophus ferrumequinum		US	Los Angeles	California	PRESENT		8edbbde0-055e-11d8-b850-b8a03c50a862	34.03	-118.3	13583.0						2006-02-07	7	2	2006	2432655	2432655	PRESERVED_SPECIMEN	MVZ	Mamm	MVZ:Mamm:239245		Sharon Messenger	2017-06-06T00:00:00	CC0_1_0		Collector(s): Sharon Messenger; Preparator(s): Mauricio R. Vazquez			2024-07-05T13:54:01.393Z		GEODETIC_DATUM_ASSUMED_WGS84;CONTINENT_DERIVED_FROM_COORDINATES;INSTITUTION_MATCH_FUZZY;COLLECTION_MATCH_FUZZY
2237185414	0daed095-478a-4af6-abf5-18acb790fbb2	http://arctos.database.museum/guid/MVZ:Mamm:239246?seid=4266983	Animalia	Chordata	Mammalia	Chiroptera	Rhinolophidae	Rhinolophus	Rhinolophus ferrumequinum		SPECIES	Rhinolophus ferrumequinum (Schreber, 1774)	Rhinolophus ferrumequinum		US	Los Angeles	California	PRESENT		8edbbde0-055e-11d8-b850-b8a03c50a862	34.03	-118.3	13583.0						2006-02-07	7	2	2006	2432655	2432655	PRESERVED_SPECIMEN	MVZ	Mamm	MVZ:Mamm:239246		Sharon Messenger	2017-06-06T00:00:00	CC0_1_0		Collector(s): Sharon Messenger; Preparator(s): Mauricio R. Vazquez			2024-07-05T13:54:01.243Z		GEODETIC_DATUM_ASSUMED_WGS84;CONTINENT_DERIVED_FROM_COORDINATES;INSTITUTION_MATCH_FUZZY;COLLECTION_MATCH_FUZZY
2237185392	0daed095-478a-4af6-abf5-18acb790fbb2	http://arctos.database.museum/guid/MVZ:Mamm:239248?seid=4267142	Animalia	Chordata	Mammalia	Chiroptera	Rhinolophidae	Rhinolophus	Rhinolophus ferrumequinum		SPECIES	Rhinolophus ferrumequinum (Schreber, 1774)	Rhinolophus ferrumequinum		US	Los Angeles	California	PRESENT		8edbbde0-055e-11d8-b850-b8a03c50a862	34.03	-118.3	13583.0						2006-02-21	21	2	2006	2432655	2432655	PRESERVED_SPECIMEN	MVZ	Mamm	MVZ:Mamm:239248		Sharon Messenger	2017-06-06T00:00:00	CC0_1_0		Collector(s): Sharon Messenger; Preparator(s): Mauricio R. Vazquez			2024-07-05T13:54:01.394Z		GEODETIC_DATUM_ASSUMED_WGS84;CONTINENT_DERIVED_FROM_COORDINATES;INSTITUTION_MATCH_FUZZY;COLLECTION_MATCH_FUZZY
2237185230	0daed095-478a-4af6-abf5-18acb790fbb2	http://arctos.database.museum/guid/MVZ:Mamm:239250?seid=4267143	Animalia	Chordata	Mammalia	Chiroptera	Rhinolophidae	Rhinolophus	Rhinolophus ferrumequinum		SPECIES	Rhinolophus ferrumequinum (Schreber, 1774)	Rhinolophus ferrumequinum		US	Los Angeles	California	PRESENT		8edbbde0-055e-11d8-b850-b8a03c50a862	34.03	-118.3	13583.0						2006-03-10	10	3	2006	2432655	2432655	PRESERVED_SPECIMEN	MVZ	Mamm	MVZ:Mamm:239250		Sharon Messenger	2017-06-06T00:00:00	CC0_1_0		Collector(s): Sharon Messenger; Preparator(s): Mauricio R. Vazquez			2024-07-05T13:54:01.236Z		GEODETIC_DATUM_ASSUMED_WGS84;CONTINENT_DERIVED_FROM_COORDINATES;INSTITUTION_MATCH_FUZZY;COLLECTION_MATCH_FUZZY
2237185206	0daed095-478a-4af6-abf5-18acb790fbb2	http://arctos.database.museum/guid/MVZ:Mamm:239247?seid=4266984	Animalia	Chordata	Mammalia	Chiroptera	Rhinolophidae	Rhinolophus	Rhinolophus ferrumequinum		SPECIES	Rhinolophus ferrumequinum (Schreber, 1774)	Rhinolophus ferrumequinum		US	Los Angeles	California	PRESENT		8edbbde0-055e-11d8-b850-b8a03c50a862	34.03	-118.3	13583.0						2006-02-07	7	2	2006	2432655	2432655	PRESERVED_SPECIMEN	MVZ	Mamm	MVZ:Mamm:239247		Sharon Messenger	2017-06-06T00:00:00	CC0_1_0		Collector(s): Sharon Messenger; Preparator(s): Mauricio R. Vazquez			2024-07-05T13:54:01.236Z		GEODETIC_DATUM_ASSUMED_WGS84;CONTINENT_DERIVED_FROM_COORDINATES;INSTITUTION_MATCH_FUZZY;COLLECTION_MATCH_FUZZY
